{
  "posts": [
    {
      "name": "ravi",
      "last": "t+iwari",
      "email": "ravitiwari23456@gmail.com",
      "address": "302, c wing ,konark residency,madhuvan township,Evershine city",
      "id": 2
    },
    {
      "name": "",
      "last": "",
      "age": "",
      "email": "",
      "address": "",
      "phone": "",
      "id": 3
    },
    {
      "name": "rahul",
      "last": "tiwari",
      "age": "52",
      "email": "bkafhsuhu@gmail.com",
      "address": "302, c wing ,konark residency,madhuvan township,Evershine city",
      "phone": "5655959589",
      "id": 4
    },
    {
      "name": "",
      "last": "",
      "age": "",
      "email": "",
      "address": "",
      "phone": "",
      "id": 5
    },
    {
      "name": null,
      "last": null,
      "age": null,
      "email": null,
      "address": null,
      "phone": null,
      "id": 6
    },
    {
      "name": null,
      "last": null,
      "age": null,
      "email": null,
      "address": null,
      "phone": null,
      "id": 7
    },
    {
      "name": null,
      "last": null,
      "age": null,
      "email": null,
      "address": null,
      "phone": null,
      "id": 8
    },
    {
      "name": null,
      "last": null,
      "age": null,
      "email": null,
      "address": null,
      "phone": null,
      "id": 9
    },
    {
      "name": null,
      "last": null,
      "age": null,
      "email": null,
      "address": null,
      "phone": null,
      "id": 10
    },
    {
      "name": null,
      "last": null,
      "age": null,
      "email": null,
      "address": null,
      "phone": null,
      "id": 11
    },
    {
      "name": null,
      "last": null,
      "age": null,
      "email": null,
      "address": null,
      "phone": null,
      "id": 12
    },
    {
      "name": null,
      "last": null,
      "age": null,
      "email": null,
      "address": null,
      "phone": null,
      "id": 13
    },
    {
      "name": null,
      "last": null,
      "age": null,
      "email": null,
      "address": null,
      "phone": null,
      "id": 14
    },
    {
      "name": null,
      "last": null,
      "age": null,
      "email": null,
      "address": null,
      "phone": null,
      "id": 15
    }
  ]
}